Index,User Id,First Name,Last Name,Sex,Email,Phone,Date of birth,Job Title,Age,Income,Tax Submitted
1,9CEA5eB6C5691e8,Ruth,Lucas,Female,buckshirley@example.net,001-440-057-2969x867,1/16/1931,"Therapist, occupational",93,6307687,1955383
2,A7CCb36dCBeed5f,Clayton,Acevedo,Female,lesterjoe@example.net,(063)327-8014,9/5/1923,"Scientist, research (medical)",101,950730,66551
3,1eDdd4F608701A9,Justin,Buckley,Female,mark74@example.net,(871)983-5432,2/13/1949,Government social research officer,75,1275582,63779
4,f0765E2dc1F8e12,Amber,Rosario,Female,adrianaortiz@example.net,134-205-5435,3/7/1923,"Teacher, adult education",101,7129619,1853701
5,C7C8B1CBa8a4f6F,Bryce,Murillo,Female,tasha54@example.com,695-038-2262,2/26/1972,"Engineer, manufacturing systems",52,3390453,678091
6,ce7FF4A75F7218A,Gene,Weeks,Male,wgreen@example.com,2538583745,4/27/1949,Health physicist,75,4181803,1254541
7,F4a65B4C1c7Ff15,Melvin,Brady,Male,branchchristopher@example.com,+1-344-908-2981x53853,6/14/1908,Holiday representative,116,8405563,2101391
8,973ADddf47D14E0,Warren,Mooney,Female,christian87@example.com,+1-742-312-9237x249,8/3/1956,Pathologist,68,2492220,423677
9,29F3bD1AC4adCB7,Shelly,Mejia,Male,randyparrish@example.net,(262)596-4664,3/31/1993,Armed forces training and education officer,31,8446829,1942771
10,5dfE6D3ABA312FE,Jasmine,Wright,Female,becklaura@example.net,(230)289-9918x708,3/17/1956,"Nurse, children's",68,1970976,98549
11,FACCa1C0E6C6E43,Kristin,Weber,Male,aowen@example.org,+1-336-789-2957x537,8/12/2013,"Surveyor, hydrographic",11,2227154,445431
12,adD40390D1158AE,Jodi,Everett,Female,javier82@example.org,643.839.2402x64941,11/10/1998,Agricultural consultant,26,3685432,1105630
13,f4FA8A4C936f322,Pedro,Ortega,Female,pwoodward@example.com,(933)249-5871x49336,7/19/1950,Metallurgist,74,908124,63569
14,0Df7BCDDe398C00,Brett,Savage,Female,mavila@example.com,590.416.4367x91145,5/12/1914,Dentist,110,8586258,2919328
15,430eF2a5B45cD88,Theresa,Thomas,Female,jake89@example.org,3720856757,1/6/1939,Cabin crew,86,8219625,1808318
16,381D3f8f4aF0f86,Ricky,Wiggins,Female,lpotter@example.com,001-574-844-7925x412,10/3/1991,Chief Strategy Officer,33,770216,61617
17,aDCEBA5f4c91EEA,Mason,Jensen,Male,hodonnell@example.org,+1-803-216-2938x245,7/23/1970,Futures trader,54,6221512,1990884
18,98cD5b95Bd55cBa,Charlene,Krueger,Female,wileyjoan@example.org,840.624.8492x653,12/8/1921,Software engineer,103,7498906,1649759
19,fdEa2ee420dFf3e,Fred,Riley,Female,ortegacarlos@example.net,420-924-3845x90815,10/28/1996,Economist,28,1954863,117292
20,ce616bBFA802e26,Martin,Ballard,Female,chelsey63@example.com,896-898-5379x37083,6/23/2008,Product/process development scientist,16,5361286,1447547
21,2c2f69a3Dee7c77,Melissa,Bray,Female,brandiboone@example.net,970-191-0708x9406,1/15/1990,"Administrator, education",34,7046032,2254730
22,dbEcd6afc2ddA2D,Nancy,Miles,Female,kerrivalencia@example.org,131-793-2159,8/4/2000,Quarry manager,24,4028977,1128114
23,49D38D8a6Ac8308,Timothy,Cabrera,Female,johnnystafford@example.com,5307439146,6/5/2010,"Engineer, civil (consulting)",14,6605359,2311876
24,adB008dFDEF66F4,Suzanne,Small,Male,zachary81@example.net,+1-430-804-6477x3936,1/10/1981,Naval architect,44,2363858,354579
25,CC4b3fc842A8414,Tasha,Acosta,Male,pfarley@example.com,132-791-6536x05100,2/17/2007,Armed forces operational officer,17,6679598,1803491
26,5ab4575dE6fDd71,Nina,Kelly,Male,victoria49@example.org,370-036-8093x799,3/24/1919,Aeronautical engineer,105,1054254,84340
27,99644dBeEE363aD,Beverly,Obrien,Female,mallorybutler@example.com,592-506-5197,9/18/1996,"Engineer, civil (contracting)",28,2499171,374876
28,A6920abcF538405,Margaret,Estrada,Female,jhensley@example.org,001-831-277-5009x93393,1/21/2016,Optometrist,8,2726654,327198
29,A9bCbB97DacAE10,Lydia,Lowery,Male,jasonhorne@example.org,6516690753,3/5/1942,"Scientist, biomedical",82,6826320,2389212
30,6C3CCC445B6bcD2,Lucas,Hebert,Male,williammatthews@example.net,001-041-442-2798x8366,6/28/1938,Theme park manager,86,4336110,1344194
31,c9F591AD2E29bc4,Courtney,Burton,Male,edwin72@example.com,247-261-6325x29528,6/13/1964,"Doctor, hospital",60,2786279,445805
32,1F1b9bdFBF39b8f,Chelsea,Kramer,Male,guy76@example.org,943-444-8472,7/16/1937,Immunologist,87,3901539,1209477
33,c73398Ac3EEc292,Shannon,Watkins,Male,pamelaaguirre@example.org,+1-630-623-1224x449,1/26/1952,Public relations account executive,72,1906426,95321
34,8FDe5cB6D49DeC7,Darryl,Sanders,Female,opalmer@example.net,621-985-9838,4/18/2013,"Radiographer, therapeutic",11,6225278,1805331
35,F74DdDD5F7F54fB,Devon,Mahoney,Male,imccullough@example.com,(728)941-0866,7/4/1977,Production engineer,47,3889191,1127865
36,Ad72D5Da8E12cCe,Hayley,Daugherty,Male,carolineferrell@example.org,965.160.5881,11/24/2001,Quarry manager,23,2352788,282335
37,6D82b422Be1D4c3,Brian,Parsons,Male,norma86@example.org,7580655227,12/29/1910,Tax adviser,114,2122647,233491
38,7Ba504E895357cc,Adrienne,Sanchez,Female,dominique63@example.com,(245)327-5696,4/3/2007,Marketing executive,17,7699987,2694995
39,ecA4Ef00c19A4bC,Mason,Palmer,Female,chase04@example.com,854-817-4959x785,8/3/2008,Printmaker,16,6367465,1846565
40,99dCb0A9759EF46,Roberto,Brock,Female,castillovincent@example.org,+1-142-455-8475x37710,12/5/1968,Proofreader,56,8032440,1686812
41,9B8e3a2fee3cAa6,Tanner,Zamora,Male,riggsluke@example.com,001-478-374-8733x59641,3/2/1924,Corporate investment banker,100,5898291,1710504
42,fbaa79FA7a650c4,Luis,Ochoa,Female,kramermelvin@example.net,751-083-4072,7/25/1930,Mechanical engineer,94,5751811,1265398
43,d383eb68eCfF8AB,Melinda,Edwards,Male,byrdmorgan@example.net,001-046-455-1753x6374,12/8/1935,Insurance account manager,89,8308658,2326424
44,26c137aa42DBAc6,Todd,Dunlap,Male,frankmedina@example.com,921.718.9949x9393,12/13/1973,Planning and development surveyor,51,5485121,1810090
45,fccF8FE5dCE4D59,Shirley,Bates,Male,pinedajason@example.com,416.090.4369,4/10/1960,Learning disability nurse,64,823841,74146
46,48fb1FBfB3dBDEb,Louis,Duarte,Male,dan67@example.org,684.924.4533,5/28/1972,Industrial/product designer,52,5208016,1302004
47,F7B4d9818ac74d7,Catherine,Castaneda,Male,haleyspencer@example.org,5846853136,11/18/1996,Architectural technologist,28,4456060,1024894
48,Ea538afFB2dBc6B,Kaitlyn,Knight,Male,katherineblackwell@example.org,158-484-5016,10/24/2004,Marine scientist,20,3498305,664678
49,a30bDbC95D0d705,Evelyn,Zavala,Female,charles30@example.org,001-010-658-6305,7/28/1960,Dancer,64,1657395,165740
50,C50fCDD7Afa9E32,Ryan,Macias,Male,greenmichelle@example.net,(425)689-2061,8/24/1963,"Psychologist, clinical",61,6731011,1682753
51,C793220Fa1770EC,Blake,Munoz,Female,tli@example.net,(139)364-6834,10/23/1928,Community education officer,96,5008482,1702884
52,eD3dc748191667D,Desiree,Prince,Female,tspears@example.com,(884)189-3724x98133,7/30/1962,Civil Service administrator,62,5678006,1362721
53,4a0631B02AEAF7C,Roy,Franco,Female,velezdalton@example.net,(994)571-1988,6/12/1937,Teaching laboratory technician,87,1018869,91698
54,95D739e9c8d4aE0,Adrian,Horton,Female,tcarr@example.com,001-174-509-4946x026,11/6/1947,Advertising account executive,77,609222,60922
55,6024edb2edeb7c4,Janet,Franco,Female,rickey62@example.org,0845483715,3/18/1939,Ambulance person,85,5732285,1948977
56,a7F0cbBfBeFf26f,Caleb,Madden,Male,mcclurerussell@example.org,097-652-3664,10/30/1941,Consulting civil engineer,83,8367586,1924545
57,acDbFD92Ee2FeB8,Karina,Smith,Male,cassandragrant@example.net,923.658.6238x2195,11/16/1940,Adult nurse,84,8100227,2430068
58,dA3ca2BC9A013C4,Sylvia,Gillespie,Female,matthewosborne@example.com,-9940,7/28/1974,Early years teacher,50,637818,44647
59,3C2ceB0d1bb0AEf,Ellen,Lindsey,Male,shepherddale@example.com,322.738.9073,7/16/1959,"Administrator, charities/voluntary organisations",65,2960116,473619
60,53FBC20712d53ac,Harry,Little,Male,allisonhensley@example.net,147.488.3433x1162,4/4/1954,"Surveyor, land/geomatics",70,4930139,1676247
61,De1eA6b59ca6C82,Amy,Salas,Female,madeline32@example.net,(253)601-3761x54763,1/30/2005,"Psychologist, counselling",19,5747464,1494341
62,8Ba6D294fa7bc5d,Rebekah,Vazquez,Male,mli@example.net,5120182384,2/21/2000,Private music teacher,24,3464801,692960
63,Fee350d28Da6Dc1,Joshua,Henderson,Male,fritzjodi@example.org,(692)388-2335x52424,2/19/1932,Youth worker,92,1707579,102455
64,2e76eee9EA4b6Db,Lonnie,Floyd,Female,yorkernest@example.net,446.111.6857x357,11/22/1985,"Copywriter, advertising",39,7239568,1809892
65,acEbcF58ce7aa6b,Martin,Mckinney,Male,friedmantamara@example.net,159-530-1719x95916,7/11/1957,Publishing copy,67,7675941,1765466
66,b7DadcD2F6Be5ff,Anita,Weeks,Female,ashley85@example.net,263.557.1253x9517,8/9/1995,"Engineer, production",29,4498185,1439419
67,F510cC6fDd44EF0,Cheryl,Bates,Female,nescobar@example.com,(959)360-5521,1/19/1935,Information officer,89,1817636,145411
68,0CFB73F9080ac5E,Cody,Sharp,Male,ecosta@example.org,736.130.1380x88439,11/28/1955,"Surveyor, building control",69,7576648,2045695
69,631ED4Fac4DC90a,Brittany,Harrell,Female,warren70@example.net,(217)531-2618x7521,2/15/1947,"Engineer, aeronautical",77,3939343,827262
70,68F4DeB57AefAa2,Kristy,Bartlett,Male,kristiecoffey@example.com,(246)043-2178x82440,2/5/1973,"Engineer, electronics",51,2775913,499664
71,Cc5e54AbB7b48AB,Harry,Ortiz,Male,danadelacruz@example.net,573-482-1594x5537,6/2/1921,Theme park manager,103,6687289,2273678
72,FaCCc5BDdB6F632,Sheena,Barrera,Female,lmacias@example.net,001-778-600-4748x50677,11/2/1985,Professor Emeritus,39,8988596,2516807
73,4eC09cc8c11104A,Alejandro,Mack,Male,jean81@example.com,966.922.3693,10/5/1906,Sports coach,118,1849354,92468
74,0FEba438cbEC2AA,Alex,Brandt,Female,dana00@example.com,177.976.0677,6/11/1925,Commercial art gallery manager,99,6849508,2260338
75,cE4464CEA23dcA6,Roberta,Rocha,Female,craigcollier@example.com,689-322-4483x94122,7/16/1985,Cartographer,39,4100628,984151
76,554e884588F330F,Shelley,Clark,Female,brendanbraun@example.net,130.191.7986,2/19/1946,Naval architect,78,6019155,1625172
77,e2CE016B6d7A277,Ana,Payne,Female,diane52@example.com,(073)081-2890,1/11/2003,"Education officer, museum",21,7585713,2351571
78,5EA4B3166F4cf23,Candice,Clark,Male,asnyder@example.net,+1-628-771-8485x2992,11/2/1999,"Engineer, site",25,1612139,128971
79,92f8b67ff4AAf7d,Grant,Owens,Male,ocastillo@example.org,339-263-9631,1/28/1945,Radiation protection practitioner,79,5918043,1242789
80,3d6fcc6d86ddB5b,Todd,Avery,Female,fbeard@example.com,(183)286-6630x20506,11/24/1987,Private music teacher,37,5708316,1940827
81,2bd75B8C4Ceb4EA,Darin,Dalton,Male,olivia55@example.net,(436)456-8675,8/12/2005,Operations geologist,19,2133671,320051
82,2Cd03BEcE9b3B93,Tammie,Petersen,Male,watkinsjeanne@example.com,265-554-7253x912,10/26/1948,Animal technologist,76,2706177,297679
83,7fa3e97AA6FBeF0,Kylie,Park,Male,brooke86@example.com,001-551-464-6637,8/22/1945,Museum/gallery exhibitions officer,79,3917178,1331841
84,D48515F88dfCEfE,Stacie,Stuart,Male,jimmybrandt@example.com,812-660-5213x2145,5/20/1925,Marine scientist,99,4362782,1439718
85,A174615D3B6CEB3,Devon,Carr,Female,swansonguy@example.com,673.078.8968,9/2/1966,"Engineer, manufacturing systems",58,7889522,2761333
86,24AcadCe2aFA9Ab,Austin,Leonard,Male,xkhan@example.com,280-790-0555,4/10/1931,"Physicist, medical",93,8068897,2017224
87,AbB566FdD9f2bEd,Tonya,Li,Female,brittney20@example.net,490.992.0060,4/16/1953,Contracting civil engineer,71,3657435,914359
88,9aAA64EEF8BeC99,Fred,Goodman,Female,hebertmercedes@example.org,013.961.2622,12/1/1937,Lobbyist,87,4923221,1181573
89,1fa5ecF2B956B38,Tanya,Palmer,Female,ebullock@example.net,001-622-749-6305x50995,10/13/1981,"Doctor, general practice",43,7526086,1956782
90,DD8A1093b4FBF5D,Cassandra,Villanueva,Male,ballardcandice@example.com,+1-954-649-6446x62031,5/9/2018,Podiatrist,6,2766782,525689
91,cA6c4bABcf1EfFa,Donna,Alexander,Male,dawn63@example.org,4494645712,5/4/2022,Training and development officer,2,5849141,1696251
92,ecBFFFfDe1dCCAA,Yolanda,Mcfarland,Female,wjones@example.org,001-439-152-9020x608,9/12/1955,Soil scientist,69,7755147,2636750
93,8A18c6fe8FA8D33,Zoe,Pratt,Female,ddelgado@example.org,+1-077-295-2478x47841,4/13/1946,"Conservator, furniture",78,8872565,2218141
94,e25dE50b07fDEB4,Charles,Joseph,Female,sandylucero@example.net,001-897-813-4407x0997,1/8/1972,Graphic designer,53,1296423,77785
95,cd4Fb82e077Acf3,Timothy,Henry,Male,lcoffey@example.net,(690)819-5170,2/5/2009,"Surveyor, planning and development",15,6911198,2280695
96,1F27dcCcD8058C9,Paul,Huber,Female,mayodevon@example.com,(413)802-1694x7899,6/11/1940,"Sales professional, IT",84,1117567,100581
97,F507D32F7b2D998,Patricia,Schneider,Female,benjamin22@example.com,4951559670,10/28/1910,"Engineer, electrical",114,8809867,2554861
98,b663aFfec5690Fb,Lindsay,Cole,Male,kleach@example.net,001-993-380-5546x9615,1/16/2006,Data processing manager,18,7951340,2782969
99,1Ccdf299FF3FA0b,Harry,Fletcher,Male,javier12@example.org,001-818-381-6934x638,8/4/2001,"Education officer, environmental",23,2547558,356658
100,19BEfD0c72c6Dd8,Leah,Nicholson,Male,ryanhanson@example.org,059.086.7251x28701,10/16/1946,Osteopath,78,622324,37339
101,68F4DeB57AefAa2,Kristy,Bartlett,Male,kristiecoffey@example.com,(246)043-2178x82440,2/5/1973,"Engineer, electronics",51,2775913,499664
102,Cc5e54AbB7b48AB,Harry,Ortiz,Male,danadelacruz@example.net,573-482-1594x5537,6/2/1921,Theme park manager,103,6687289,2273678
103,FaCCc5BDdB6F632,Sheena,Barrera,Female,lmacias@example.net,001-778-600-4748x50677,11/2/1985,Professor Emeritus,39,8988596,2516807
104,4eC09cc8c11104A,Alejandro,Mack,Male,jean81@example.com,966.922.3693,10/5/1906,Sports coach,118,1849354,92468
105,0FEba438cbEC2AA,Alex,Brandt,Female,dana00@example.com,177.976.0677,6/11/1925,Commercial art gallery manager,99,6849508,2260338
106,cE4464CEA23dcA6,Roberta,Rocha,Female,craigcollier@example.com,689-322-4483x94122,7/16/1985,Cartographer,39,4100628,984151
107,554e884588F330F,Shelley,Clark,Female,brendanbraun@example.net,130.191.7986,2/19/1946,Naval architect,78,6019155,1625172
108,e2CE016B6d7A277,Ana,Payne,Female,diane52@example.com,(073)081-2890,1/11/2003,"Education officer, museum",21,7585713,2351571
109,5EA4B3166F4cf23,Candice,Clark,Male,asnyder@example.net,+1-628-771-8485x2992,11/2/1999,"Engineer, site",25,1612139,128971
110,92f8b67ff4AAf7d,Grant,Owens,Male,ocastillo@example.org,339-263-9631,1/28/1945,Radiation protection practitioner,79,5918043,1242789
111,3d6fcc6d86ddB5b,Todd,Avery,Female,fbeard@example.com,(183)286-6630x20506,11/24/1987,Private music teacher,37,5708316,1940827
112,2bd75B8C4Ceb4EA,Darin,Dalton,Male,olivia55@example.net,(436)456-8675,8/12/2005,Operations geologist,19,2133671,320051
113,2Cd03BEcE9b3B93,Tammie,Petersen,Male,watkinsjeanne@example.com,265-554-7253x912,10/26/1948,Animal technologist,76,2706177,297679
114,7fa3e97AA6FBeF0,Kylie,Park,Male,brooke86@example.com,001-551-464-6637,8/22/1945,Museum/gallery exhibitions officer,79,3917178,1331841
115,D48515F88dfCEfE,Stacie,Stuart,Male,jimmybrandt@example.com,812-660-5213x2145,5/20/1925,Marine scientist,99,4362782,1439718
116,A174615D3B6CEB3,Devon,Carr,Female,swansonguy@example.com,673.078.8968,9/2/1966,"Engineer, manufacturing systems",58,7889522,2761333
117,24AcadCe2aFA9Ab,Austin,Leonard,Male,xkhan@example.com,280-790-0555,4/10/1931,"Physicist, medical",93,8068897,2017224
118,AbB566FdD9f2bEd,Tonya,Li,Female,brittney20@example.net,490.992.0060,4/16/1953,Contracting civil engineer,71,3657435,914359
119,9aAA64EEF8BeC99,Fred,Goodman,Female,hebertmercedes@example.org,013.961.2622,12/1/1937,Lobbyist,87,4923221,1181573
120,1fa5ecF2B956B38,Tanya,Palmer,Female,ebullock@example.net,001-622-749-6305x50995,10/13/1981,"Doctor, general practice",43,7526086,1956782
